"","X.1","X","ID.personne.interrogée","ID.collecteur","Date.de.début","Date.de.fin","Adresse.IP","Âge","country","gender","past_chatt","past_streaming_video","past_robot","en_communication","en_programmation","en_gestion","en_organisation","prog_ennuyant","pratik_amel","meilleur_prog","plus_de_robotik","filles_moins_prog","aime_prog","prog_fun_team","robotik_interet","hard_robotik","hard_prog","useless_challenge","happy_help","good_team","serious_input","ask_adult","ask_teamate","student_help_robotik","influence_teamates","suggestions_followed","take_initiatives","solo_worker","split_work","unorganized_team","trained_forr2t2","J.utilise.mon.imagination","J.essaye.les.choses","J.utilise.l.environment.de.programmation.correctement","Je.vérifie.mon.travail","D.autres.m.ont.dit.que.j.étais.bon","Je.sais.programmer","Je.sais.taper.au.clavier","Je.parle.de.mes.idées.aux.autres","J.aime.programmer","Je.ne.sais.pas","Autres","Joyeuses","Sociables","Geek.nerds","Confientes","Sans.trop.d.amis","Intelligentes","Creatives","Quelqu.un.qui.va.reussir.dans.la.vie","Ennuyeuses","Autre..veuillez.préciser..1","Imaginatif","Essaye.les.choses","Utilise.l.environement.de.programmation.correctement","Vérifie.son.travail","Sait.programmer","Sait.taper","Discute.ses.idees.avec.les.autres","Aime.programmer","Je.ne.sais.pas.1","Communication.avec.les.autres.équipes","Supervision.du.streaming.vidéo","Programmation.du.robot.sur.place","Programmation.du.robot.à.distance","Communication.vers.l.exterieur..twitter..facebook..autres.","Coordination","Autre..veuillez.préciser..2","Ce.que.j.ai.le.plus.aimé.lors.de.cette.expérience","Ce.que.j.ai.appris.pendant.cette.expérience","Ce.que.je.n.ai.pas.aimé.et.devrait.être.amélioré","language"
"1",1,1,5083320708,93797230,"11/08/2016 14:18:17","11/08/2016 14:35:37","93.7.74.239",10,"France"," female",2,2,1,4,3,2,4,"3","4","3","2","1","4","4","3",NA,"2","1","4","3","3","4","2","4","1","1","3","3","3","3",2,NA,2,NA,4,NA,6,7,8,9,NA,NA,NA,NA,NA,NA,NA,6,7,8,NA,"",NA,2,3,4,5,NA,NA,8,NA,1,NA,3,NA,NA,NA,"","De parlé au autres personnes et de regarder le robot bouger !","De bien comuniquer","De programmer le robot parce que c'étais un peu dur","french"
"2",2,2,5083320687,93797230,"11/08/2016 14:19:52","11/08/2016 14:33:50","93.7.74.239",10,"France"," female",2,2,1,NA,3,2,4,"1","4","3","4","1","4","4","4","2","2","1","4","4","4","4","4","4",NA,"2","1","1","4","1",1,1,2,3,4,NA,NA,NA,8,9,NA,NA,NA,2,NA,NA,NA,NA,7,NA,NA,"",1,2,3,4,NA,NA,7,8,NA,NA,NA,3,NA,NA,NA,"","j ai tous aimé ","a se faire confiance "," rien","french"
"3",3,3,5083320686,93797230,"11/08/2016 14:19:51","11/08/2016 14:38:28","93.7.74.239",10,"France"," female",2,2,1,4,3,3,4,"2","4","3",NA,"1","4","3","4","2","2","4","4","4","3","4","4","4","3","3","3","3","3","2",2,NA,2,3,4,5,6,NA,8,9,NA,NA,1,2,NA,4,NA,6,NA,NA,NA,"",NA,2,3,4,5,NA,7,8,NA,1,NA,3,NA,5,6,"","communiquer  ","a chatter  a communiquer  a s'entraider  a cooperer","j'ai tout aimer  ","french"
"4",4,4,5078028074,93797230,"11/04/2016 18:29:45","11/04/2016 18:36:47","83.228.190.23",10,"Switzerland","male ",2,1,2,4,3,2,4,"2","4","3","4","4","3","3","3","2","2","2","3","3","3","4","4","4","4","2","4","1","3","1",2,NA,2,NA,4,NA,NA,NA,8,NA,NA,NA,NA,NA,3,NA,NA,6,7,NA,NA,"",NA,2,NA,4,5,NA,7,8,NA,1,NA,3,4,NA,NA,"","pouvoir indiquer au robot où aller","programmer un robot","les 30 secondes d'écart","french"
"5",5,5,5077854388,93797230,"11/04/2016 16:59:49","11/04/2016 17:00:14","81.13.143.210",12,"Switzerland","male ",2,1,2,NA,NA,NA,NA,NA,NA,NA,NA,NA,NA,NA,NA,NA,NA,NA,NA,NA,NA,NA,NA,NA,NA,NA,NA,NA,NA,NA,NA,NA,NA,NA,NA,NA,NA,NA,NA,NA,NA,NA,NA,NA,NA,NA,NA,NA,NA,NA,NA,"",NA,NA,NA,NA,NA,NA,NA,NA,NA,NA,NA,NA,NA,NA,NA,"","","","","french"
"6",6,6,5077754629,93797230,"11/04/2016 16:10:25","11/04/2016 16:23:44","89.169.209.26",11,"Russia"," female",1,2,1,3,3,4,4,"2","4","4",NA,"2","3","1","3","4",NA,"1","3","1","1","1","4","1","4","1","3","1","4","2",1,1,NA,3,NA,NA,6,NA,NA,9,NA,NA,NA,2,NA,NA,NA,6,7,NA,NA,"",1,2,3,NA,5,NA,7,8,NA,1,2,NA,NA,NA,NA,"","C etait tres intéressant !  notre equipe est gagnée!","j ai appris bon programmer a distance","...","french"
"7",7,7,5077635045,93797230,"11/04/2016 15:14:10","11/04/2016 15:16:10","89.22.60.228",11,"Russia","male ",1,1,1,NA,NA,NA,NA,NA,NA,NA,NA,NA,NA,NA,NA,NA,NA,NA,NA,NA,NA,NA,NA,NA,NA,NA,NA,NA,NA,NA,NA,NA,NA,NA,NA,NA,NA,NA,NA,NA,NA,NA,NA,NA,NA,NA,NA,NA,NA,NA,NA,"",NA,NA,NA,NA,NA,NA,NA,NA,NA,NA,NA,NA,NA,NA,NA,"","","","","french"
"8",8,8,5077109065,93797230,"11/04/2016 09:42:58","11/04/2016 09:52:52","81.13.252.142",12,"Switzerland","male ",1,1,1,3,4,3,NA,"1","4","3","4","2","4","4","4","2","1","1","1","4","4","2","4","4","4","3","4","3","4","1",2,NA,2,3,4,5,6,NA,8,9,NA,NA,1,2,3,NA,5,6,7,8,NA,"",NA,2,3,4,5,NA,7,8,NA,1,NA,3,4,5,NA,"","les vidéos en live","que c'est très facile la programmation ","RIEN","french"
"9",9,9,5076401083,93797230,"11/03/2016 21:20:46","11/03/2016 21:28:49","85.6.177.123",12,"Switzerland","male ",2,2,1,3,3,3,3,"1","4","3","4","1","4","3","4","3","3","1","4","4","2","4","4","4","4","1","3","4","1","3",2,1,2,3,4,NA,NA,NA,8,9,NA,NA,1,2,3,4,5,6,7,8,9,"Tout le monde peut programmer ",1,2,3,4,5,NA,7,8,NA,NA,NA,3,NA,NA,NA,"","Programmer ","A programmer ","Rien ","french"
"10",10,10,5075913848,93797230,"11/03/2016 17:20:50","11/03/2016 17:27:44","85.4.165.6",14,"Switzerland","male ",1,1,1,3,4,2,3,"1","3","3","4","2","3","3","4","1","1","2","4","3","3","2","3","3","3","3","4","2","3","2",1,1,2,NA,NA,5,6,7,8,9,NA,NA,1,2,3,NA,NA,6,7,8,NA,"",1,2,3,4,5,6,7,8,NA,1,2,3,4,5,6,"","le chat","rien","les bugs","french"
"11",11,11,5075327950,93797230,"11/03/2016 13:00:07","11/04/2016 09:09:34","193.50.110.207",12,"France","male ",1,1,1,NA,NA,NA,NA,NA,NA,NA,NA,NA,NA,NA,NA,NA,NA,NA,NA,NA,NA,NA,NA,NA,NA,NA,NA,NA,NA,NA,NA,NA,NA,NA,NA,NA,NA,NA,NA,NA,NA,NA,NA,NA,NA,NA,NA,NA,NA,NA,NA,"",NA,NA,NA,NA,NA,NA,NA,NA,NA,NA,NA,NA,NA,NA,NA,"","","","","french"
"12",12,12,5075014615,93797230,"11/03/2016 09:00:10","11/03/2016 09:03:44","85.5.25.120",21,"Switzerland","male ",1,1,1,2,4,3,3,"1","4","3","4","3","3","2","4","2","2","1","4","3","2","4","3","3","4","2","3","2","3","2",2,1,2,3,NA,NA,6,7,NA,9,NA,NA,NA,NA,NA,NA,NA,NA,NA,NA,NA,"A tous, pour autant que l'intérêt soit là",1,2,3,4,5,6,7,8,NA,1,2,3,4,NA,6,"","Le concept de prog à distance avec décalage ordre-exécution","A gérer un groupe d'enfants","Les groupes sont trop grands, ne permet pas à tous de s'exprimer pleinement","french"
"13",13,13,5074991128,93797230,"11/03/2016 08:35:29","11/03/2016 08:42:33","193.200.220.7",11,"Switzerland","male ",2,1,1,4,3,3,3,"1","4","3","4","1","4","3","4","1","1","4","3","4","4","4","4","4","4","4","3","2","4","1",1,1,2,3,NA,NA,NA,NA,NA,9,NA,NA,NA,NA,3,NA,NA,6,7,8,NA,"",1,2,3,NA,NA,NA,NA,8,NA,NA,NA,3,4,NA,NA,"","La programmation, l'esprit d'équipe dans le team, le challenge, l’infrastructure (vidéo, diverses équipes dans le monde, le chat, etc) ","A travailler en équipe sur de la programmation.","J'ai tout aimé.","french"
"14",14,14,5074974809,93797230,"11/03/2016 08:15:33","11/03/2016 08:29:05","178.237.91.199",9,"Switzerland","male ",2,2,1,4,3,NA,3,"1","4","4","4","3","4","4","4","3","3","1","4","4","4","4","4","4","3","1","4","3","4","1",2,NA,2,NA,4,NA,NA,NA,8,9,NA,NA,1,2,3,4,5,6,7,NA,NA,"",1,2,NA,4,5,NA,NA,8,NA,1,2,3,NA,NA,6,"","- Programmer  - Regarder ce que faisaient les autres équipes ","- communiquer par ""chatt""  - se coordonner  ","- attendre les autres équipes en fin de projet","french"
"15",15,15,5073832180,93797230,"11/02/2016 17:12:58","11/02/2016 17:30:02","37.164.159.83",10,"France"," female",2,1,1,3,3,NA,3,"1","3","2","3","2","3","4","4","2","2","1","4","3","3","4","2","4","3","2","3","1","3","2",1,1,2,NA,4,NA,6,7,8,9,NA,NA,1,2,3,NA,NA,6,7,8,NA,"",1,2,3,4,5,6,7,8,NA,1,NA,NA,4,NA,6,"communication avec les spectateurs sur place pour expliquer ce qui était en train d'être fait.","Tout! Et surtout la fin (le bouquet final)","comment manier les robots; travail d'équipe; ","on a dû répartir les rôles après la première phase; le retard entre les actions et la programmation, comme dans le chat nous ont désorganisés.  ","french"
"16",16,16,5073662948,93797230,"11/02/2016 16:00:32","11/02/2016 16:09:43","193.50.111.87",13,"France","male ",2,1,2,3,4,2,3,"1","4","3","4","4","4","4","4","2","2","2","4",NA,"3","2","2","3","2","2","3","1","3","3",1,NA,2,3,4,NA,NA,NA,NA,9,NA,NA,NA,NA,NA,4,NA,6,NA,8,NA,"",NA,2,NA,4,5,NA,7,8,NA,1,2,3,NA,NA,NA,"","Pouvoir programmer","Les couleurs","La communication entre les equipe laissait a desirer et seule une equipe devrait connaitre le numero de port série ","french"
"17",17,17,5073655243,93797230,"11/02/2016 15:57:44","11/02/2016 16:03:33","193.50.111.102",14,"France","male ",1,1,1,3,3,2,2,"1","4","3","3","3","3","3",NA,"2","2","2","3","4","3","3","3","3","3","3","4","2","3","2",2,NA,2,3,NA,5,6,7,NA,9,NA,NA,NA,NA,3,NA,NA,NA,NA,NA,NA,"",NA,NA,NA,NA,5,6,NA,8,NA,NA,NA,3,4,NA,NA,"","","","","french"
"18",18,18,5073653819,93797230,"11/02/2016 15:57:18","11/02/2016 16:09:06","82.189.93.21",12,"Italy","male ",2,2,2,2,2,2,2,"2","2","2","2","2","2","2","2","2","2","2","2","2","2","2","2","2","2","2","2","2","2","2",NA,NA,NA,NA,NA,NA,NA,NA,NA,NA,10,NA,NA,NA,NA,NA,NA,NA,NA,NA,9,"",NA,NA,NA,NA,NA,NA,NA,NA,9,NA,NA,NA,NA,NA,NA,"","","","","french"
"19",19,19,5073652627,93797230,"11/02/2016 15:56:15","11/02/2016 16:01:44","194.199.1.32",14,"France","male ",1,1,1,3,4,4,3,"2","4","3","3","4","3","4","3","4","2","1","2","4","3","1","3","3","3","2","2","1","2","1",2,1,2,NA,NA,NA,NA,NA,NA,9,NA,NA,NA,NA,3,NA,NA,6,7,NA,NA,"",1,2,NA,NA,5,NA,NA,NA,NA,1,2,3,4,5,6,"","","","","french"
"20",20,20,5073644821,93797230,"11/02/2016 15:53:34","11/02/2016 15:58:18","153.109.1.90",14,"Switzerland","male ",2,1,1,3,3,3,2,"2","3","3","3",NA,"3","2","3","2","2","2","3","3","3","3","3","3","3","2","3","3","2","3",2,1,2,3,NA,NA,6,7,NA,9,NA,NA,1,2,3,4,NA,6,7,8,NA,"",1,2,3,4,5,6,7,8,NA,1,2,3,4,NA,6,"","le début  ","prendre une intersection avec se robot","","french"
"21",21,21,5073642804,93797230,"11/02/2016 15:52:48","11/02/2016 15:58:13","77.56.52.80",15,"Switzerland"," female",1,1,2,3,3,4,3,"1","3","3","4","1","3","4","4","2","3","2","4","4","4","3","4","3","3","2","3","1","2","3",1,NA,2,NA,4,NA,NA,7,8,NA,NA,NA,NA,NA,3,NA,NA,6,NA,NA,NA,"",NA,2,NA,4,5,NA,7,NA,NA,1,2,NA,NA,NA,NA,"","","","","french"
"22",22,22,5073642226,93797230,"11/02/2016 15:52:34","11/02/2016 15:52:52","212.55.221.162",15,"Switzerland","male ",1,1,2,NA,NA,NA,NA,NA,NA,NA,NA,NA,NA,NA,NA,NA,NA,NA,NA,NA,NA,NA,NA,NA,NA,NA,NA,NA,NA,NA,NA,NA,NA,NA,NA,NA,NA,NA,NA,NA,NA,NA,NA,NA,NA,NA,NA,NA,NA,NA,NA,"",NA,NA,NA,NA,NA,NA,NA,NA,NA,NA,NA,NA,NA,NA,NA,"","","","","french"
"23",23,23,5073641965,93797230,"11/02/2016 15:52:26","11/02/2016 15:57:49","212.55.221.162",16,"Switzerland","male ",1,1,2,3,4,3,2,"1","3","3","2","2","3","3","3","4","4","3","3","3","3","2","3","4","3","2","3","2","3","1",2,NA,NA,NA,NA,NA,NA,NA,NA,9,NA,NA,NA,NA,NA,4,NA,NA,NA,NA,NA,"",NA,2,NA,NA,NA,NA,7,NA,NA,1,NA,NA,NA,NA,NA,"","","","","french"
"24",24,24,5073641373,93797230,"11/02/2016 15:49:04","11/02/2016 15:57:12","194.230.155.143",16,"Switzerland"," female",1,1,1,4,3,4,3,"1","4","3","4","1","4","4","3","3","3","1","3","4","3","1","4","4","4","3","3","2","3","1",2,1,2,3,4,5,6,7,8,9,NA,NA,1,2,3,4,5,6,7,8,9,"",1,2,3,4,5,6,7,8,NA,1,NA,3,4,5,6,"","Contact abec les autres","Programmer à distance","","french"
"25",25,25,5073638400,93797230,"11/02/2016 15:50:59","11/02/2016 15:56:55","153.109.1.90",21,"Switzerland","male ",1,1,1,2,4,3,2,"1","4","4","4","1","3","1","4","2","1","4","4","2","3","3","3","3","3","3","3","3","3","3",1,1,2,3,4,NA,6,7,8,9,NA,NA,1,2,3,4,5,6,7,8,9,"",NA,NA,NA,NA,NA,NA,NA,NA,9,1,NA,NA,NA,NA,NA,"","","","","french"
"26",26,26,5073636024,93797230,"11/02/2016 15:48:52","11/02/2016 16:01:32","77.56.52.80",15,"Switzerland"," female",2,2,1,2,3,3,3,"2","4","3","4","1","4","3","4","3","3","1","4","4","2","3","4","3","3","2","3","3","2","1",1,NA,2,NA,4,NA,NA,NA,NA,9,NA,NA,1,NA,NA,4,NA,6,NA,NA,NA,"",NA,2,NA,4,NA,NA,NA,8,NA,NA,NA,3,NA,NA,NA,"","","","","french"
"27",27,27,5073626427,93797230,"11/02/2016 15:45:55","11/02/2016 15:50:04","153.109.1.90",12,"Switzerland","male ",1,1,1,3,3,NA,2,"1","4","2","4","2","3","4","4","1","1","1","4","4","4","4","4","4","3","4","4","1","3","1",2,1,2,NA,4,5,NA,NA,NA,9,10,NA,1,2,3,4,NA,6,7,8,NA,"",1,2,3,4,5,6,7,8,NA,1,NA,NA,4,NA,6,"","Programmer un robot a distance","Beaucoup de choses","Rien tout était bien","french"
"28",28,28,5073625486,93797230,"11/02/2016 15:44:05","11/02/2016 15:52:06","153.109.1.90",12,"Switzerland","male ",2,2,2,3,4,4,4,"1","4","3","4","1","3","3","4","2","2","1","4","3","3","4","3","3","3","3","4","2","1","2",2,NA,2,3,4,NA,NA,NA,8,NA,NA,NA,NA,NA,3,NA,5,6,7,NA,NA,"",1,2,3,NA,5,NA,7,8,NA,1,2,NA,4,5,6,"","pouvoir parler avec des gens dans un but precis et pas pour des discussions sans queue ni tete","j'ai appris a programmer des robots","","french"
"29",29,29,5073611556,93797230,"11/02/2016 15:39:59","11/02/2016 15:40:25","128.178.145.5",14,"Switzerland"," female",2,2,2,NA,NA,NA,NA,NA,NA,NA,NA,NA,NA,NA,NA,NA,NA,NA,NA,NA,NA,NA,NA,NA,NA,NA,NA,NA,NA,NA,NA,NA,NA,NA,NA,NA,NA,NA,NA,NA,NA,NA,NA,NA,NA,NA,NA,NA,NA,NA,NA,"",NA,NA,NA,NA,NA,NA,NA,NA,NA,NA,NA,NA,NA,NA,NA,"","","","","french"
"30",30,30,5072742627,93797230,"11/02/2016 05:47:37","11/02/2016 15:59:35","82.247.80.75",10,"France","male ",2,1,1,NA,3,2,3,"1","3","3","4","1","3","4","4","1","1","1","4","3","3","2","2","4","3","2","2","2","3","3",1,1,2,NA,NA,NA,6,7,NA,9,NA,NA,1,2,NA,4,5,NA,7,NA,NA,"",1,2,3,4,NA,NA,7,8,NA,1,NA,NA,4,NA,NA,"","Faire ce defi, trouver des solutions, decouvrir de nouvelles choses","J'ai appris a garer le thymio","rien","french"
"31",31,1,5080030006,93710474,"11/06/2016 18:17:23","11/06/2016 19:02:22","89.169.203.11",12,"Russia","male",1,1,1,4,4,4,4,"1","3","3","3","3","3","3","3","2","2","2","3","3","3","3","3","3","3","2","3","2","3","2",2,1,NA,NA,NA,NA,NA,NA,8,9,NA,NA,NA,NA,NA,NA,NA,6,7,NA,NA,NA,NA,NA,NA,NA,NA,NA,NA,8,NA,NA,NA,3,4,NA,6,"launch generator ","All","Communication with other teams","","english"
"32",32,2,5079032290,93710474,"11/05/2016 13:44:03","11/06/2016 08:50:16","5.35.85.234",11,"Russia","male",2,2,1,3,2,1,2,"1","3","2","3","NA","3","4","3","2","3","2","3","3","3","2","3","3","2","2","2","2","2","2",2,NA,2,NA,4,NA,6,7,8,9,NA,11,1,2,NA,4,NA,NA,NA,8,NA,NA,1,2,3,4,5,6,NA,8,NA,1,NA,NA,4,5,6,"","I liked most to work in team","I've learned Programming of robot"," I  liked all","english"
"33",33,3,5077880127,93710474,"11/04/2016 17:07:06","11/04/2016 17:12:40","31.173.85.127",12,"Russia","female",1,2,1,NA,NA,NA,NA,NA,NA,NA,NA,NA,NA,NA,NA,NA,NA,NA,NA,NA,NA,NA,NA,NA,NA,NA,NA,NA,NA,NA,NA,NA,NA,NA,NA,NA,NA,NA,NA,NA,NA,NA,NA,NA,NA,NA,NA,NA,NA,NA,NA,NA,NA,NA,NA,NA,NA,NA,NA,NA,NA,NA,NA,NA,NA,NA,NA,"","","","","english"
"34",34,4,5077839476,93710474,"11/04/2016 16:51:11","11/04/2016 16:54:21","185.32.135.16",12,"Russia","male",2,1,1,4,4,4,4,"NA","1","2","3","4",NA,"3","2","3",NA,"2","2","NA","1","2","3","3","3",NA,"3","3","3","2",1,NA,NA,NA,NA,NA,NA,NA,NA,9,NA,NA,1,NA,NA,NA,NA,NA,7,NA,NA,NA,NA,NA,NA,4,NA,NA,NA,NA,NA,1,NA,NA,NA,NA,NA,"","","","","english"
"35",35,5,5077637868,93710474,"11/04/2016 15:17:07","11/04/2016 15:37:34","89.22.60.228",11,"Russia","male",1,1,1,2,4,2,3,"NA","1","1","NA","1","2","1","2","1","1","2","2","1","2","3","2","2","2","3","2","2","3","2",1,1,2,3,4,5,6,NA,8,9,NA,NA,1,2,NA,NA,NA,6,7,NA,NA,NA,1,NA,NA,NA,5,NA,NA,8,NA,1,NA,NA,4,NA,NA,"","It was fun","","","english"
"36",36,6,5075054614,93710474,"11/03/2016 09:39:30","11/03/2016 09:40:11","5.90.3.148",47,"Italy","male",1,1,1,NA,NA,NA,NA,NA,NA,NA,NA,NA,NA,NA,NA,NA,NA,NA,NA,NA,NA,NA,NA,NA,NA,NA,NA,NA,NA,NA,NA,NA,NA,NA,NA,NA,NA,NA,NA,NA,NA,NA,NA,NA,NA,NA,NA,NA,NA,NA,NA,NA,NA,NA,NA,NA,NA,NA,NA,NA,NA,NA,NA,NA,NA,NA,NA,"","","","","english"
"37",37,7,5073867759,93710474,"11/02/2016 17:29:59","11/02/2016 17:37:02","105.225.164.98",15,"South Africa","male",2,1,1,4,2,4,3,"2","3","3","4","3","3","4","3","2","3","2","NA","3","NA","3","3","3","3","2","3","2","3","2",1,NA,2,NA,4,5,6,NA,NA,9,NA,NA,1,2,NA,4,NA,NA,7,NA,NA,NA,1,2,NA,4,NA,NA,7,8,NA,NA,2,NA,4,NA,6,"","","","How people on the stream (planning and discussion)did not listen to authority.","english"
"38",38,8,5073654069,93710474,"11/02/2016 15:55:40","11/02/2016 16:12:32","82.189.93.21",13,"Italy","female",2,2,2,2,3,2,3,"2","NA","2","NA","3","2","3","1","2","3","NA","2","4","3","2","NA","2","NA","2","2","NA","3","3",2,1,NA,3,NA,NA,6,7,NA,9,NA,NA,NA,NA,NA,NA,NA,6,7,NA,NA,NA,1,NA,3,4,5,6,NA,NA,NA,1,NA,3,NA,NA,6,"","","","","english"
"39",39,9,5073648463,93710474,"11/02/2016 15:53:50","11/02/2016 16:12:05","82.189.93.21",13,"Italy","male",2,2,1,1,3,2,2,"3","4","3","NA","NA","4","NA","4","2","1","1","4","1","NA","3","4","4","3","2","4","3","4","3",1,NA,2,3,4,NA,NA,NA,8,9,NA,NA,NA,NA,3,NA,NA,6,NA,NA,NA,NA,NA,2,3,4,NA,NA,7,8,NA,NA,NA,3,NA,NA,NA,"","mi è piaciuto programmare il robot e arrivare a finire la missione","programmare il robot thymio .","nulla.","english"
"40",40,10,5073646494,93710474,"11/02/2016 15:53:17","11/02/2016 16:16:02","82.189.93.21",13,"Italy","male",2,2,2,2,3,3,4,"2","4","2","NA",NA,"4","4","3","4","4","1","4","3","3","3","1","3","4","2","NA","3","2","3",1,1,2,NA,NA,NA,NA,NA,NA,9,NA,NA,1,2,NA,4,NA,6,7,NA,NA,NA,1,2,3,4,5,6,7,8,NA,NA,NA,NA,NA,NA,6,"","la proggrammazione a distanza  e la collaborazione","a programmare e testare","l'ordine","english"
"41",41,11,5073646475,93710474,"11/02/2016 15:53:34","11/02/2016 16:20:56","82.189.93.21",13,"Italy","male",2,2,2,3,2,3,3,"1","2","3","2","2","4","3","3","3","3","2","3","2","3","3","2","3","3","2","3","2","3","2",2,1,2,3,4,NA,NA,NA,8,9,NA,NA,NA,2,NA,4,NA,6,7,NA,NA,NA,1,2,NA,4,NA,6,7,NA,9,NA,NA,NA,NA,5,NA,"","the communication","","","english"
"42",42,12,5073645996,93710474,"11/02/2016 15:52:03","11/02/2016 16:12:25","82.189.93.21",13,"Italy","male",1,1,2,1,2,NA,1,"2","3","NA","2","NA","3","3","3","2","2","2","3","3","3","3","2","2","2","2","3","2","3","3",1,1,2,3,4,NA,NA,NA,NA,9,NA,11,1,NA,NA,NA,NA,6,7,8,NA,NA,1,NA,3,NA,NA,NA,NA,NA,NA,1,NA,NA,NA,NA,NA,"i tested the orders for the robot","tester the robot ","i learn programming robots","i think wich to be improved the silence  ","english"
"43",43,13,5073645934,93710474,"11/02/2016 15:53:20","11/02/2016 16:11:53","82.189.93.21",12,"Italy","female",2,1,2,4,2,3,3,"3","3","2","3","4","3","3","3","2","3","3","2","3","3","3","3","2","1","3","2","3","3","1",2,NA,2,NA,4,NA,NA,NA,8,NA,NA,NA,NA,2,NA,NA,NA,6,7,NA,NA,NA,NA,2,NA,4,NA,NA,7,NA,NA,1,NA,NA,NA,NA,NA,"","mi è piaciuto comunicare con i team del mio gruppo, ed essere riusciti tutti insieme a fare un lavoro di squadra, compiendo a termine una missione ","programmare i robot ","anche se ho imparato a programmare dei robot, non mi è piaciuto perchè è stato difficile","english"
"44",44,14,5073645424,93710474,"11/02/2016 15:52:34","11/02/2016 16:10:59","82.189.93.21",13,"Italy","male",2,1,1,1,1,1,1,"4","3","1","1","2","2","2","2","3","3","2","4","2","2","3","4","4","2","2","2","2","3","4",2,NA,NA,NA,NA,NA,NA,NA,NA,NA,NA,11,NA,NA,NA,NA,NA,6,7,NA,NA,NA,1,2,3,4,5,6,7,8,9,NA,NA,NA,NA,NA,6,"","i like when the blue team ,in the b sector,crashed on the walls","team work","the team work","english"
"45",45,15,5073644899,93710474,"11/02/2016 15:52:03","11/02/2016 16:09:06","82.189.93.21",13,"Italy","male",1,1,2,3,2,1,1,"NA","3","1","4","2","1","2","4","3","2","1","4","2","1","4",NA,"NA","4","1","1","4","2","NA",1,NA,2,3,4,NA,6,7,NA,9,NA,NA,1,2,NA,4,NA,6,7,NA,NA,NA,NA,2,3,4,NA,NA,NA,8,NA,NA,NA,3,NA,NA,NA,"","i like work with robots ","i learned programming robot","the communication","english"
"46",46,16,5073644434,93710474,"11/02/2016 15:53:15","11/02/2016 16:14:49","82.189.93.21",13,"Italy","female",1,1,2,3,2,3,3,"1","3","4","3","1","3","4","3","4","4","1","4","4","2","4","4","4","3","4","3","3","4","2",1,1,NA,3,4,NA,NA,7,8,9,NA,NA,NA,2,3,NA,NA,6,7,8,NA,NA,1,2,3,4,5,6,NA,8,NA,NA,NA,3,NA,NA,NA,"","I liked the mission simulated on Mars. Even if at the end, the base had to take the control of our robot, we managed to enter the camp, work like a real team and help each other."," I learned how to communicate with others and to program a robot. ","","english"
"47",47,17,5073638473,93710474,"11/02/2016 15:49:59","11/02/2016 15:59:16","41.146.224.253",14,"South Africa","female",1,1,1,4,4,4,4,"1","4","3","4","NA","4","3","4","2","2","2","4","4","2",NA,"3","3","4","2","3","3","3","2",1,1,2,3,4,5,6,7,8,9,NA,NA,1,2,3,4,NA,6,7,8,NA,NA,1,2,3,4,5,6,7,8,NA,1,2,3,4,5,6,"","","","","english"
"48",48,18,5073636012,93710474,"11/02/2016 15:49:24","11/02/2016 16:14:30","88.147.104.143",11,"Italy","female",2,1,1,NA,3,3,3,"1","1","NA","2","3","3","NA","3","3","NA","NA","3","3","1","1","2","NA","2","2","2","2","NA","1",2,NA,NA,NA,NA,NA,NA,NA,8,9,NA,NA,NA,2,NA,NA,NA,6,7,NA,NA,NA,NA,2,3,NA,NA,NA,7,NA,9,1,NA,NA,4,NA,6,"","mi è piaciuta quando siamo riusciti a far girare perfettamente il nostro Thymio","ho imparato a programmare e a essere coordinata ","mi rimprovero di essere stata un po' timorosa nel esprimere le mie idee","english"
"49",49,19,5073631456,93710474,"11/02/2016 15:47:35","11/02/2016 15:56:38","88.147.104.143",13,"Italy","male",1,1,1,3,3,2,3,"3","3","3","2","3","4","4","4","3","3","4","3","3","2","3","3","2","3","2","2","2","3","2",1,1,NA,NA,NA,NA,NA,NA,8,NA,NA,NA,NA,NA,NA,NA,NA,6,NA,NA,NA,NA,1,2,NA,NA,NA,NA,NA,NA,NA,NA,NA,NA,NA,NA,6,"","","","","english"
"50",50,20,5073631251,93710474,"11/02/2016 15:47:33","11/02/2016 15:57:42","88.147.104.143",13,"Italy","male",1,1,2,3,2,2,2,"1","3","2","1","NA","4","4","NA","2","3","4","2","3","2","NA","NA","3","NA","2","2","NA","2","1",NA,1,NA,NA,NA,5,6,7,8,NA,10,11,1,2,NA,4,NA,6,7,8,NA,NA,1,NA,NA,4,5,6,NA,8,9,NA,NA,NA,NA,NA,NA,"","","","","english"
"51",51,21,5073630874,93710474,"11/02/2016 15:47:12","11/02/2016 15:56:07","88.147.104.143",13,"Italy","female",2,2,1,4,3,4,4,"1","NA","3","3","2","3","3","3","2","2","2","3","3","3","3","3","3","3","NA","3","2","3","2",1,1,NA,NA,NA,NA,NA,NA,8,9,NA,11,1,2,NA,NA,NA,6,7,NA,NA,NA,1,2,3,4,5,6,7,8,NA,1,NA,NA,NA,NA,NA,"","all","a lot of english and programming","the incivility of many people in chat","english"
"52",52,22,5073612686,93710474,"11/02/2016 15:40:16","11/02/2016 15:46:19","194.209.10.66",11,"Switzerland","male",2,1,1,3,3,2,3,"1","4","2","4","2","3","4","3","4","3","2","3","3","3","3","3","3","2","2","3","2","4","3",1,1,2,3,4,NA,6,7,8,9,NA,NA,1,2,NA,NA,NA,6,7,NA,NA,NA,1,2,NA,NA,5,6,7,8,NA,NA,NA,3,NA,NA,6,"","creativity","THAT IF WE WORK TOGETHER WE CAN ACCOMPLISH ANYTHING#MOTZART","tHE FRANTIC SCRAMBLING AND POOR ORGINAZATZION","english"
"53",53,23,5073611470,93710474,"11/02/2016 15:39:55","11/02/2016 15:43:37","194.209.10.66",12,"Switzerland","male",2,2,1,4,4,3,4,"1","4","4","4","NA","4","4","4",NA,"1","1","4","4","4","3","4","4","4","3","4","1","4","1",1,1,2,3,4,5,6,7,8,9,10,11,1,2,3,4,5,6,7,8,9,NA,1,2,3,4,5,6,7,8,9,1,2,3,4,5,6,"","Taking over peoples robots","About planning ahead","The black/white bug","english"
